yo,gen_hi
Heya,gen_hi
Namaste,gen_hi
Hey,gen_hi
Great to see you!,gen_hi
Ssup,gen_hi
Whatup,gen_hi
Yo,gen_hi
hello,gen_hi
Howdy,gen_hi
hey there,gen_hi
Hey There!,gen_hi
Hello!,gen_hi
Hey there,gen_hi
Hey buddy !,gen_hi
Hi  need support ,gen_hi
Hii,gen_hi
Heyo,gen_hi
Hello!,gen_hi
Hello there!,gen_hi
Hello There! ,gen_hi
Yo,gen_hi
Hii,gen_hi
Hey,gen_hi
Hi,gen_hi
Hey!,gen_hi
Hey there,gen_hi
Hola!,gen_hi
Hello chatbox ,gen_hi
what's up,gen_how_you
What's up,gen_how_you
Wassup,gen_how_you
How are you doing,gen_how_you
How 's life treating you?,gen_how_you
How is life?,gen_how_you
How ya doin,gen_how_you
Sup,gen_how_you
how you doing?,gen_how_you
How do you do,gen_how_you
sup ?,gen_how_you
How do you do?,gen_how_you
How have you been?,gen_how_you
How are you doing,gen_how_you
I am great ! Thank you ! ,gen_how_you
Wassup,gen_how_you
How are you?,gen_how_you
What's new?,gen_how_you
How you doin?,gen_how_you
Wassup,gen_how_you
Hows life?,gen_how_you
How was your day?,gen_how_you
How you doin?,gen_how_you
Whats up?,gen_how_you
What's happening?,gen_how_you
Kya chal raha?,gen_how_you
Wassup?,gen_how_you
How you doing?,gen_how_you
Are you fine?,gen_how_you
Are you good?,gen_how_you
How are you?,gen_how_you
How are you doing?,gen_how_you
who are you?,gen_who_you
what are you exactly?,gen_who_you
identify yourself,gen_who_you
who is this,gen_who_you
who is at the other end of this chat,gen_who_you
who are you?,gen_who_you
What're you?,gen_who_you
Who am I talking to?,gen_who_you
Who are you?,gen_who_you
May I know the Identity of this person?,gen_who_you
Where do you belong,gen_who_you
What do you do here,gen_who_you
Who you,gen_who_you
who are u ?,gen_who_you
and you are.?,gen_who_you
whats your name ?,gen_who_you
thou shall reveal yourself,gen_who_you
May I get your name pls?,gen_who_you
What do they call you,gen_who_you
Have I met you anywhere ?,gen_who_you
How abt you ,gen_who_you
Who dis,gen_who_you
May I know who you are?,gen_who_you
How can you help me?,gen_who_you
What's your name?,gen_who_you
Do I know u,gen_who_you
Who are youu?,gen_name
What can I call you?,gen_name
Your name?,gen_name
Can you tell me your name?,gen_name
Are you there?,gen_name
Any one there?,gen_name
What is your name?,gen_name
are you abir?,gen_name
Is anyone there?,gen_name
Your name is?,gen_name
Who is chatting?,gen_name
Tell me about your self?,gen_name
Who are you?,gen_name
Who am I chatting with?,gen_name
What's your name?,gen_name
What should I say as your name?,gen_name
Tell me your name?,gen_name
What are you called?,gen_name
Is there a bot chatting to me?,gen_bot
Is it automated message?,gen_bot
Computer based pely,gen_bot
Bot or human?,gen_bot
Bot is chatting with me?,gen_bot
Are you system generated message?,gen_bot
Are you robot?,gen_bot
Are you machine?,gen_bot
Are you just computer?,gen_bot
Are you a robot?,gen_bot
Are you a person?,gen_bot
Are you a machine?,gen_bot
Are you a chatbot?,gen_bot
Are you a bot?,gen_bot
Are these automated messages?,gen_bot
Am I talking to a bot?,gen_bot
You are a boy are girl?,gen_bot
You are a bot or human?,gen_bot
This is a machine?,gen_bot
This is a chatbot?,gen_bot
System generated reply,gen_bot
Sir you system genretrd,gen_bot
Is this computer based response,gen_bot
Is this a machine?,gen_bot
Are you a human?,gen_bot
u a bot?,gen_bot
Are you an AI?,gen_bot
"You are a bot, aren't you?",gen_bot
Are you a bot,gen_bot
Are you a man made,gen_bot
"Say, you wouldn't happen to be a bot would you?",gen_bot
Are you a computer?,gen_bot
am i talking to a bot?,gen_bot
You sound like a bot.,gen_bot
Are you real ? ,gen_bot
are you not a human?,gen_bot
Are you a bot perhaps?,gen_bot
Are you a robot,gen_bot
"You sound like a bot , are you ? ",gen_bot
R u robot,gen_bot
Are you a bot,gen_bot
Are you a bot?,gen_bot
Are you a robot?,gen_bot
Are you a bot?,gen_bot
u a human?,gen_human
Are you a homo sapien?,gen_human
"I don't think you're a human, are you?",gen_human
Are you human,gen_human
Are you a living being,gen_human
Are you a person,gen_human
Do you have feelings?,gen_human
are you a person?,gen_human
"you're not a human, are you?",gen_human
are you flesh?,gen_human
"If you don't mind me asking, are you human?",gen_human
Are you one of us,gen_human
I don't think you are a human or are you ?,gen_human
Or u r human,gen_human
hooman.?,gen_human
Are you human?,gen_human
Are you a person or a bot?,gen_human
"Humans amuse me, are you one?",gen_human
You're not human,gen_human
who made you?,gen_who_made
Who're your parents?,gen_who_made
Who created you?,gen_who_made
Who is your creator,gen_who_made
May i know the identity of you're creator/creators?,gen_who_made
What kind of organism are you,gen_who_made
Who art thy creator,gen_who_made
Who're you're parents,gen_who_made
who made you?,gen_who_made
who created you?,gen_who_made
who owns you ?,gen_who_made
who is your owner?,gen_who_made
Who is your creator?,gen_who_made
Who is your creator,gen_who_made
Who is your creator ? ,gen_who_made
Who made you ,gen_who_made
What master do you serve,gen_who_made
Who created you?,gen_who_made
Who created you? ,gen_who_made
Who made you?,gen_who_made
Bot specs,gen_who_made
plis help,gen_help
Can I get some help?,gen_help
I want some help. Can you help me?,gen_help
Can you help me,gen_help
"If its not too much to ask , can you assist me?",gen_help
I need help,gen_help
I'm having a problem ,gen_help
I need a favour ,gen_help
can u help me?,gen_help
can you be of any help to me?,gen_help
would you help me ?,gen_help
could you please help me out here?,gen_help
I got a problem. Some help would be nice.,gen_help
Can you do me a favor,gen_help
Are you able to help me ?,gen_help
Need your help,gen_help
Can you help me ?,gen_help
Can you help me?,gen_help
I need assistance,gen_help
Please help me?,gen_help
Save me,gen_help
Need help please,gen_help
Need help,gen_help
I need some info,gen_help
Will you help me?,gen_help
What else can you do?,gen_help
What do you do?,gen_help
What can you help me with?,gen_help
What can you do?,gen_help
What are you good at?,gen_help
Need help plz,gen_help
How can you help me,gen_help
Can you help me?,gen_help
How can you assist?,gen_help
How can you help me?,gen_help
How do you help?,gen_help
How to help you?,gen_help
How will you assist me?,gen_help
i need help,gen_help
Can you tell some info,gen_help
Help me please,gen_help
I have a question,gen_query
Need to aska query,gen_query
I have a question for you,gen_query
HAving a query,gen_query
I have a query for you,gen_query
I have a query,gen_query
Have a query for you,gen_query
quick question?,gen_query
Hey I had a question,gen_query
I have a question,gen_query
I wanted to ask something,gen_query
"i have a doubt lingering in my head, do you mind clarifying it for me ?",gen_query
I have a doubt,gen_query
Got a question for you,gen_query
I didn't understand this,gen_query
i have doubt,gen_query
i might have a query,gen_query
i have a question to ask,gen_query
Actually I have some questions.,gen_query
I have a question,gen_query
I have a question ! ,gen_query
I can't understand ,gen_query
I have a question,gen_query
I have a query,gen_query
I have some doubts,gen_query
Can you solve my doubt?,gen_query
Could u answer my doubts,gen_query
socials?,gen_social_media
What're your socials,gen_social_media
How can I find ALUTE on social media?,gen_social_media
What are ALUTEs social media handles,gen_social_media
is there any way to contact ALUTE on social media?,gen_social_media
Your media pages,gen_social_media
Where can I hit you up on social media,gen_social_media
can i get link of ur social media handles,gen_social_media
where can i stalk you?,gen_social_media
are you on any social media ?,gen_social_media
what is your instagram handle?,gen_social_media
Where can I contact you?,gen_social_media
Show me some platforms to connect with your org,gen_social_media
Which social medias do you use ? ,gen_social_media
Are you on social media ,gen_social_media
What's ALUTE's insta,gen_social_media
Can you tell me about your social media handles?,gen_social_media
Where can I follow ALUTE? ,gen_social_media
Insta? Twitter?,gen_social_media
collaborate?,gen_collab
Can we collaborate with your chapter?,gen_collab
Can we host an website together?,gen_collab
How can we collaborate with ALUTE,gen_collab
can i get in touch with ALUTE for future collaborations?,gen_collab
Can we collaborate,gen_collab
Can we collaborate with you,gen_collab
how do i collaborate with you guys,gen_collab
we wanna collaborate with you people,gen_collab
can we collaborate?,gen_collab
Can we do a collaboration together?,gen_collab
Can we do a collab with ALUTE,gen_collab
Can we club our website together ?,gen_collab
Do u collaborate with other company ,gen_collab
How do i reach out for collaboration with ALUTE,gen_collab
Can we collaborate with ALUTE or do an website together?,gen_collab
Any chance of collaboration?,gen_collab
I want to collaborate,gen_collab
can we collaborate,gen_collab
I want to collaborate,gen_collab
can i sponsor y'all?,gen_fund
We have a funding offer for you if you want it.,gen_fund
Can we provide ALUTE some financial aid?,gen_fund
Do you need funding,gen_fund
what our the ways in which i can Sponsor ALUTE?,gen_fund
Do you need funding,gen_fund
Are you in need of sponsors ,gen_fund
can i sponsor the website,gen_fund
does ALUTE by any chance need funding?,gen_fund
how to sponsor?,gen_fund
Are you in the need of any sponsors,gen_fund
Can we have honour to sponsor your website ?,gen_fund
We can give you funding ,gen_fund
I would like to discuss some funding proposals,gen_fund
Do you require funding?,gen_fund
"I'm interested in funding this website, whom should I contact?",gen_fund
I want to sponsor,gen_fund
How can i help the website,gen_fund
Do you have enough funding?,gen_fund
I want to sponsor this website,gen_fund
I would like to sponsor you.,gen_fund
How can someone be a sponsor ?,gen_fund
I interested in funding the website,gen_fund
Why should I fund your website?,gen_fund
Is your finance done get back to us here if you need anything ,gen_fund
How to sponsor the website?,gen_fund
How to sponsor the website?,gen_fund
What are you willing to sponsor? ,gen_fund
Can you advertise for me?,gen_fund
Can a sponsor join?,gen_fund
How can i sponsor this website,gen_fund
Want to sponsor your website,gen_fund
I want to sponsor,gen_fund
I'm willing to contribute money for this website.,gen_fund
How do i reach for any potential funding?,gen_fund
Where can I register as sponsors?,gen_fund
We would like to sponsor your website,gen_fund
can we apply for funding? ,gen_fund
I would like to join you as a sponsor.,gen_fund
What if a sponsor wants to join us?,gen_fund
Do you need more funds? ,gen_fund
Can our company be a part of this endeavor as a sponsor? ,gen_fund
Would you like to discuss more funding?,gen_fund
Can we contact you for future funding?,gen_fund
What form of help are you seeking in funding? ,gen_fund
What are the benefits in funding your website?,gen_fund
Whom to contact for funding purposes? ,gen_fund
Any future benefits for funding your website?,gen_fund
I have further doubts i want to clear,gen_contact_info
Who to contact for further doubts?,gen_contact_info
Give me the contact info of someone from ieee,gen_contact_info
Who should I contact for more info?,gen_contact_info
whom can I contact? ,gen_contact_info
Whom to contact for more information,gen_contact_info
How to contact the organisation committee?,gen_contact_info
Whom can we contact for queries?,gen_contact_info
Contact info?,gen_contact_info
I want more details about the event Do you know someone who could help me out?,gen_contact_info
Who can i contact for further details ?,gen_contact_info
Whom do I need to contact?,gen_contact_info
Who can I contact for more details,gen_contact_info
whom should I contact? ,gen_contact_info
Could you provide the details of a person to contact?,gen_contact_info
Contact details of organisers,gen_contact_info
Is there any general email id or platform where we can send our questions?,gen_contact_info
where human?,gen_contact_info
Where can I message you guys,gen_contact_info
How do we contact you in future,gen_contact_info
can you give me you're contact details?,gen_contact_info
How do we get in touch with you,gen_contact_info
How can we contact you for more information,gen_contact_info
can i get a your contact info,gen_contact_info
how can i get more info,gen_contact_info
I wannt more details,gen_contact_info
how to talk to you?,gen_contact_info
"If any situation arises, how will ALUTE contact me?",gen_contact_info
How can i connect with you ,gen_contact_info
May I have your contact details ?,gen_contact_info
How to contact you,gen_contact_info
Further contact,gen_contact_info
Who do I contact for further details?,gen_contact_info
How do I get in touch with you?,gen_contact_info
Any contact info,gen_contact_info
ok bye,gen_bye
Goodbye,gen_bye
see ya!,gen_bye
Arigato,gen_bye
See you,gen_bye
Nice to meet you ! ,gen_bye
Thank u bye ,gen_bye
bye bye,gen_bye
adios,gen_bye
bye till next time,gen_bye
bbye,gen_bye
goodbye,gen_bye
Appreciate your help ,gen_thanks
Thanks,gen_thanks
Au revoir!,gen_thanks
Thank You,gen_thanks
Appreciate your help. Goodbye. ,gen_thanks
thanks,gen_thanks
Yup that's all,gen_thanks
thanks a lot,gen_thanks
Thank You very much,gen_thanks
Thankyou for the information!,gen_thanks
"Great, thanks!",gen_thanks
Get post,gen_thanks
Thank you for solving my doubts.,gen_thanks
thanks for helping me,gen_thanks
glad to see you!,gen_hi
stay there,gen_hi
almost there!,gen_hi
now!,gen_hi
hey hello,gen_hi
buddy buddy!,gen_hi
hi need me,gen_hi
come!,gen_hi
whoa there!,gen_hi
be there!,gen_hi
indeed!,gen_hi
be there,gen_hi
ow!,gen_hi
hello kitty,gen_hi
what'l up,gen_how_you
let's up,gen_how_you
who are you doing,gen_how_you
who's life awaiting you?,gen_how_you
how is humanity?,gen_how_you
how ye doin,gen_how_you
what you doing?,gen_how_you
how do cows do,gen_how_you
okay?,gen_how_you
how do you react?,gen_how_you
how had you been?,gen_how_you
how are you treating,gen_how_you
i am grateful! thank thee!,gen_how_you
what are you?,gen_how_you
anything's new?,gen_how_you
how bout doin?,gen_how_you
saving life?,gen_how_you
how was your birthday?,gen_how_you
how they doin?,gen_how_you
whats that?,gen_how_you
whatever's happening?,gen_how_you
how sa raha?,gen_how_you
why?,gen_how_you
how you fare?,gen_how_you
and you fine?,gen_how_you
are trees good?,gen_how_you
god are you?,gen_how_you
where are you doing?,gen_how_you
who are boys?,gen_who_you
how are you exactly?,gen_who_you
tell yourself,gen_who_you
who was this,gen_who_you
who is exploring the other ends of this chat,gen_who_you
mad are you?,gen_who_you
what's you?,gen_who_you
that am i talking to?,gen_who_you
who sold you?,gen_who_you
may ye know your identity of this person?,gen_who_you
where shall you belong,gen_who_you
what do you do when,gen_who_you
who is,gen_who_you
so are u?,gen_who_you
and you were.?,gen_who_you
whats that name?,gen_who_you
thou shall reveal knowledge,gen_who_you
may i say her name pls?,gen_who_you
why do they call you,gen_who_you
have i met everyone anywhere?,gen_who_you
how abt be,gen_who_you
who believes,gen_who_you
may i know why those are?,gen_who_you
how can you help now?,gen_who_you
how's your name?,gen_who_you
do u know u,gen_who_you
who loves youu?,gen_name
hell can i call you?,gen_name
your choice?,gen_name
now you tell myself your name?,gen_name
are you hungry?,gen_name
any one hungry?,gen_name
this is your name?,gen_name
are you sick?,gen_name
is anyone injured?,gen_name
the name is?,gen_name
who started chatting?,gen_name
tell me not your self?,gen_name
who are women?,gen_name
who am i arguing with?,gen_name
what's her name?,gen_name
what should she say as your welcome?,gen_name
tell me what name?,gen_name
what are others called?,gen_name
was there any bot chatting to me?,gen_bot
is it any message?,gen_bot
computer security pely,gen_bot
bot you human?,gen_bot
bot is chatting with him?,gen_bot
are this system generated message?,gen_bot
believe you robot?,gen_bot
are we machine?,gen_bot
are any just computer?,gen_bot
are you crazy robot?,gen_bot
are you a jew?,gen_bot
are you a vegetarian?,gen_bot
are you on chatbot?,gen_bot
are vampires a bot?,gen_bot
are these secret messages?,gen_bot
are i talking to a ghost?,gen_bot
you are a vampire are you?,gen_bot
trolls are a bot or goblin?,gen_bot
here is a machine?,gen_bot
this is a nightmare?,gen_bot
system generated map,gen_bot
buy you system genretrd,gen_bot
evaluate this computer based response,gen_bot
is anything a machine?,gen_bot
are you fully human?,gen_bot
u got bot?,gen_bot
are bugs an ai?,gen_bot
"you are really bot, aren'we ya?",gen_bot
are you a murderer,gen_bot
are you a king made,gen_bot
"say, you wouldn'yo need to hire a bot would it?",gen_bot
are you alright computer?,gen_bot
am i talking or my bot?,gen_bot
conversations sound like a bot.,gen_bot
are i real?,gen_bot
were you not a human?,gen_bot
are you a bot hunter?,gen_bot
got you a robot,gen_bot
"you sound practically a kitten, are you?",gen_bot
r u r,gen_bot
feed you a bot,gen_bot
are you a christian?,gen_bot
are you a fairy?,gen_bot
are vampires a bot?,gen_bot
u a nun?,gen_human
makes women a homo sapien?,gen_human
"you don't suppose you're a fraud, can you?",gen_human
are thy human,gen_human
are you still living being,gen_human
are you a murderer,gen_human
do we have feelings?,gen_human
call you a person?,gen_human
"you'd barely a human, are ye?",gen_human
are we flesh?,gen_human
"if i don't hear me asking, are you ready?",gen_human
are neither one of us,gen_human
i wa'n think you remain a human or are you?,gen_human
or maybe r human,gen_human
is you human?,gen_human
are you no person resembling a bot?,gen_human
"ye amuse me, are no one?",gen_human
you're not talking,gen_human
who hired you?,gen_who_made
whose're your parents?,gen_who_made
who created mars?,gen_who_made
who is your grandfather,gen_who_made
does i know the identity of jonas'as creator / creators?,gen_who_made
what kind of organism concerns you,gen_who_made
who art thy king,gen_who_made
who're you'there here,gen_who_made
who made trouble?,gen_who_made
almost created you?,gen_who_made
who owns elevators?,gen_who_made
who is its owner?,gen_who_made
why is your creator?,gen_who_made
who is your fool,gen_who_made
who is your teacher?,gen_who_made
who married you,gen_who_made
what master do thou serve,gen_who_made
who saved you?,gen_who_made
what created you?,gen_who_made
who made waves?,gen_who_made
bot spec,gen_who_made
can i bring some help?,gen_help
all want your help. can anyone help me?,gen_help
could you help me,gen_help
"if its not proper much of ask, can god assist me?",gen_help
nurses need help,gen_help
ii'm having a problem,gen_help
i need a job,gen_help
can someone help me?,gen_help
can you be of most help to yourselves?,gen_help
would you marry me?,gen_help
could you please warm up out here?,gen_help
everyone got a problem. our help would be handy.,gen_help
can you do me a prayer,gen_help
are things able to tell me?,gen_help
seek your help,gen_help
can you help mommy?,gen_help
can you help today?,gen_help
i need answers,gen_help
please help us?,gen_help
save ourselves,gen_help
need help children,gen_help
need ease,gen_help
i need some help,gen_help
do you help me?,gen_help
what else can you get?,gen_help
who do you do?,gen_help
what can they scare me with?,gen_help
what must you do?,gen_help
what are you good guys?,gen_help
need help movement,gen_help
how can you help...,gen_help
can i help me?,gen_help
how can angels assist?,gen_help
then can you help me?,gen_help
how do she help?,gen_help
how to help her?,gen_help
how will you persuade me?,gen_help
i should help,gen_help
can you tell that info,gen_help
help me breathe,gen_help
i have a pencil,gen_query
need define aska query,gen_query
i have a question for whom,gen_query
having a career,gen_query
shall have a query for you,gen_query
i have a disability,gen_query
have a query between you,gen_query
quick answers?,gen_query
here i had a question,gen_query
i offered a question,gen_query
i wanted to ask nicely,gen_query
"erin felt a doubt lingering in my head, did you mind pointing it at me?",gen_query
i have without doubt,gen_query
got a question for me,gen_query
i didn't understand how,gen_query
some have doubt,gen_query
whoever might have a query,gen_query
i have a right to ask,gen_query
actually i have some suggestions.,gen_query
i have a dream,gen_query
i say a question!,gen_query
i wouldn't understand,gen_query
they have a question,gen_query
i have you query,gen_query
i raised some doubts,gen_query
can you solve that doubt?,gen_query
could u answer my lady,gen_query
what're called socials,gen_social_media
how can i find signatures via social security?,gen_social_media
blogger really alutes social media handles,gen_social_media
do there any way to contact me regarding social media?,gen_social_media
your facebook pages,gen_social_media
where can i cheer you up on all media,gen_social_media
can i get rid of some social media handles,gen_social_media
where can i find you?,gen_social_media
remember you on facebook social media?,gen_social_media
nor is your broom handle?,gen_social_media
where can sebastian contact you?,gen_social_media
show me some platforms to visit via your org,gen_social_media
persistent encryption medias do you use?,gen_social_media
are you on virgin media,gen_social_media
wed'll alute's insta,gen_social_media
can everyone tell everybody on your social media handles?,gen_social_media
where dare i follow jude?,gen_social_media
twitter? twitter?,gen_social_media
shall we begin with your chapter?,gen_collab
can they host my website together?,gen_collab
how can everyone collaborate with us,gen_collab
can everybody get in touch of alute for potential collaborations?,gen_collab
can we collaborate if you,gen_collab
what should i collaborate with you guys,gen_collab
we wanna collaborate with some people,gen_collab
might we collaborate?,gen_collab
can we do some collaboration trip?,gen_collab
can we build a collab with formulas,gen_collab
can we club our guests free?,gen_collab
net u collaborate with other company,gen_collab
how do animals reach out for flora and alute,gen_collab
can we experiment with alute or edit an website instead?,gen_collab
any chance or collaboration?,gen_collab
i want to write,gen_collab
dare we collaborate,gen_collab
i want you collaborate,gen_collab
can i sponsorn'ti?,gen_fund
we have a funding offer for me provided you prefer it.,gen_fund
could i provide alute some financial aid?,gen_fund
do you need anything,gen_fund
what our the troubles which which i am sponsor alute?,gen_fund
do you remember funding,gen_fund
are you in need of care,gen_fund
can be sponsor the website,gen_fund
does gardening by any means need funding?,gen_fund
how to eat?,gen_fund
leave you in immediate need of any sponsors,gen_fund
can we grant honour to sponsor each website?,gen_fund
people can give you funding,gen_fund
i actually like to discuss some funding arrangements,gen_fund
do drugs require funding?,gen_fund
"i'll involved in funding our website, whom am i contact?",gen_fund
i wanted to sponsor,gen_fund
how can microsoft help the website,gen_fund
do you have solid funding?,gen_fund
i want help sponsor this website,gen_fund
i would like we meet you.,gen_fund
or did someone be a sponsor?,gen_fund
i interested in expanding the website,gen_fund
why should they fund that website?,gen_fund
is your finance buddy get back to us only if any need anything,gen_fund
how to navigate the website?,gen_fund
how to sponsor the parade?,gen_fund
items do you willing to sponsor?,gen_fund
can you speak about me?,gen_fund
would a sponsor join?,gen_fund
how can consumers sponsor this website,gen_fund
licensed to sponsor your website,gen_fund
i intended to sponsor,gen_fund
i'll willing to add opinions for this website.,gen_fund
but do i reach toward any potential funding?,gen_fund
when can corporations register as sponsors?,gen_fund
we truly like to sponsor your wines,gen_fund
can we apply for visas?,gen_fund
some should like to join you as a knight.,gen_fund
see if a sponsor wants to join him?,gen_fund
do you require more funds?,gen_fund
can our company be allocated part or an endeavor as a sponsor?,gen_fund
might you like to discuss church funding?,gen_fund
can you contact you for sufficient funding?,gen_fund
another form of income are you seeking additional funding?,gen_fund
what were the benefits in managing your website?,gen_fund
ready to contact additional funding purposes?,gen_fund
any future benefits for hire at website?,gen_fund
will have further doubts i want too clear,gen_contact_info
tomorrow loses contact for further doubts?,gen_contact_info
get me the contact information of someone from ieee,gen_contact_info
what should i contact for other info?,gen_contact_info
whom can i send?,gen_contact_info
whom had contact for more information,gen_contact_info
how to approach the ethics committee?,gen_contact_info
whom can our contact for forgiveness?,gen_contact_info
contact parties?,gen_contact_info
i learn more details about the accident than she know someone who could help me organise?,gen_contact_info
who am i contact for further approval?,gen_contact_info
whom do i need constant help?,gen_contact_info
who dare i contact and more details,gen_contact_info
whom should i tell?,gen_contact_info
could you reproduce the image of a person to enter?,gen_contact_info
contact details link organisers,gen_contact_info
is there any serious email id or platform saying we can send anonymous letters?,gen_contact_info
being human?,gen_contact_info
where else i message you guys,gen_contact_info
how may we contact me in future,gen_contact_info
can someone give me that'll contact details?,gen_contact_info
how can we bring in touch with you,gen_contact_info
how best please contact you for more information,gen_contact_info
can we get a your view info,gen_contact_info
how can i discover more info,gen_contact_info
to wannt more details,gen_contact_info
how to talk to him?,gen_contact_info
"if any situation develops, why will alute know me?",gen_contact_info
how do i connect with you,gen_contact_info
may i include the contact details?,gen_contact_info
how to contact ourselves,gen_contact_info
direct contact,gen_contact_info
who do i search for contact details?,gen_contact_info
how do i get in common around you?,gen_contact_info
travel contact info,gen_contact_info
bye bye,gen_bye
see ahead!,gen_bye
see also,gen_bye
nice morning meet you!,gen_bye
thank u goodness,gen_bye
bye game,gen_bye
bye and next time,gen_bye
through your help,gen_thanks
au bon!,gen_thanks
appreciate your help. hurry.,gen_thanks
and that's all,gen_thanks
learn a lot,gen_thanks
thank you very kindly,gen_thanks
greedy for the information!,gen_thanks
"gentlemen, thanks!",gen_thanks
get happy,gen_thanks
reward you for solving my problems.,gen_thanks
and for helping me,gen_thanks
hello yo,gen_hi
oh heya,gen_hi
anand namaste,gen_hi
hello hey,gen_hi
great to see meet you!,gen_hi
abbreviated ssup,gen_hi
no whatup,gen_hi
baby yo,gen_hi
sing hello,gen_hi
sidney howdy,gen_hi
hey hey there,gen_hi
hey hello!,gen_hi
hey been there,gen_hi
hey mister buddy!,gen_hi
hi xml need support,gen_hi
li hii,gen_hi
hee heyo,gen_hi
hello hello!,gen_hi
saying hello there!,gen_hi
hello hello there!,gen_hi
viva yo,gen_hi
chu hii,gen_hi
whoa hey,gen_hi
bang hi,gen_hi
o hey!,gen_hi
hey hey there,gen_hi
che hola!,gen_hi
itunes hello chatbox,gen_hi
about what's up,gen_how_you
what's growing up,gen_how_you
how are you two doing,gen_how_you
how's his life really treating you?,gen_how_you
how basic is life?,gen_how_you
how am ya doin,gen_how_you
• sup,gen_how_you
how you about doing?,gen_how_you
how not do you do,gen_how_you
ta sup?,gen_how_you
how do it you do?,gen_how_you
how bad have you been?,gen_how_you
see how are you doing,gen_how_you
i am truly great! please thank you!,gen_how_you
see how are you?,gen_how_you
what's everybody new?,gen_how_you
tell how you doin?,gen_how_you
chief wassup,gen_how_you
hows your life?,gen_how_you
how difficult was your day?,gen_how_you
how you both doin?,gen_how_you
whats goin up?,gen_how_you
im what's happening?,gen_how_you
kya si chal hai raha?,gen_how_you
or wassup?,gen_how_you
and how you doing?,gen_how_you
oh are you fine?,gen_how_you
sure are you good?,gen_how_you
how are she you?,gen_how_you
how are you currently doing?,gen_how_you
who else are you?,gen_who_you
guess what are you exactly?,gen_who_you
please identify yourself,gen_who_you
who is holding this,gen_who_you
guess who he is at the other end of this chat,gen_who_you
from who are you?,gen_who_you
what're studying you?,gen_who_you
who what am i talking to?,gen_who_you
jesus who are you?,gen_who_you
where may i know the identity of this masked person?,gen_who_you
where don't you belong,gen_who_you
guess what do you do here,gen_who_you
who calls you,gen_who_you
who exactly are u?,gen_who_you
that and you are.?,gen_who_you
whats your native name?,gen_who_you
thou wisdom shall reveal yourself,gen_who_you
how may i even get your name pls?,gen_who_you
what do monsters they call you,gen_who_you
but have i met you anywhere?,gen_who_you
tis how abt you,gen_who_you
who reckon dis,gen_who_you
may i know wonder who you always are?,gen_who_you
and how can you help me?,gen_who_you
do i know who u,gen_who_you
that who are youu?,gen_name
what can i you call you?,gen_name
know your name?,gen_name
can you can tell myself me your name?,gen_name
are she you there?,gen_name
maybe any one there?,gen_name
see what is your name?,gen_name
why are you abir?,gen_name
is anyone anybody there?,gen_name
your adopted name is?,gen_name
who is those chatting?,gen_name
tell me about your darker self?,gen_name
who dreams are you?,gen_name
what who am i chatting with?,gen_name
what's got your name?,gen_name
what should usually i have say as your name?,gen_name
why tell me your name?,gen_name
so what are you called?,gen_name
whenever is there totally a bot chatting to me?,gen_bot
is it automated bomb message?,gen_bot
computer software based pely,gen_bot
bot robot or human?,gen_bot
bot is chatting with me?,gen_bot
where are you system generated message?,gen_bot
are such you robot?,gen_bot
and are you machine?,gen_bot
are you calling just computer?,gen_bot
are you a humanoid robot?,gen_bot
are i you a person?,gen_bot
are buying you a machine?,gen_bot
where are you a chatbot?,gen_bot
are you quoting a bot?,gen_bot
are these automatically automated messages?,gen_bot
am i talking only to a robot bot?,gen_bot
you guys are a naughty boy are girl?,gen_bot
are you are a regular bot or human?,gen_bot
this computer is a machine?,gen_bot
this is a private chatbot?,gen_bot
system automatically generated reply,gen_bot
sir you received system genretrd,gen_bot
is this automatic computer based response,gen_bot
is this actually a machine?,gen_bot
are you a mature human?,gen_bot
u a fat bot?,gen_bot
are you an android ai?,gen_bot
"you boys are a real bot, that aren't you?",gen_bot
are you just a bot,gen_bot
are making you a man made,gen_bot
"to say, you wouldn'don t really happen to technically be a bot would you?",gen_bot
are sending you a computer?,gen_bot
am not i talking to such a bot?,gen_bot
you sound filthy like a bot.,gen_bot
are you fucking real?,gen_bot
are you absolutely not a human?,gen_bot
are you like a bot perhaps?,gen_bot
are telling you a robot,gen_bot
"you sure sound kinda like a bot, are you?",gen_bot
r u u robot,gen_bot
so are you a bot,gen_bot
are you sending a bot?,gen_bot
are you a humanoid robot?,gen_bot
are you a bad bot?,gen_bot
u im a human?,gen_human
are unto you a roman homo sapien?,gen_human
"if i don't think you'll re a proper human, how are you?",gen_human
yes are you human,gen_human
as are you a living being,gen_human
are you marrying a person,gen_human
do you have good feelings?,gen_human
are you touching a person?,gen_human
"you'til re simply not a human, nor are you?",gen_human
flesh are you flesh?,gen_human
"... if you don't quite mind me asking, why are you human?",gen_human
are you guys one of us,gen_human
i don'″ t think you are a regular human beast or are you?,gen_human
stephen hooman.?,gen_human
are all you human?,gen_human
are you a person himself or merely a bot?,gen_human
"humans amuse me, where are you his one?",gen_human
you'd re not human,gen_human
tell who made you?,gen_who_made
guess who're your parents?,gen_who_made
god who created you?,gen_who_made
who is seeking your creator,gen_who_made
who may i know the hidden identity of you'r re creator / creators?,gen_who_made
show what kind of organism are you,gen_who_made
who art praise thy creator,gen_who_made
who're what you've re parents,gen_who_made
those who made you?,gen_who_made
discover who created you?,gen_who_made
say who owns you?,gen_who_made
who is not your owner?,gen_who_made
who else is your creator?,gen_who_made
who really is your creator,gen_who_made
who is guarding your creator?,gen_who_made
who really made you,gen_who_made
decide what master do you serve,gen_who_made
who created around you?,gen_who_made
who literally created you?,gen_who_made
who made you you?,gen_who_made
bot bee specs,gen_who_made
plis iii help,gen_help
how can i get some help?,gen_help
i want him some please help. can ever you help me?,gen_help
well can you help me,gen_help
"if its all not too much to ask, can t you assist... me?",gen_help
cause i need help,gen_help
i'm having a recurring problem,gen_help
says i need a favour,gen_help
please can u help me?,gen_help
can you be of mind any help offered to me?,gen_help
would you please help me?,gen_help
could you please help figure me out from here?,gen_help
but i got a problem. some help job would be damn nice.,gen_help
can you do me a real favor,gen_help
are you actually able to certainly help me?,gen_help
need to your help,gen_help
can you help thank me?,gen_help
can you guys help me?,gen_help
i need urgent assistance,gen_help
please not help me?,gen_help
save only me,gen_help
need help somewhere please,gen_help
nobody need help,gen_help
i need some bonus info,gen_help
will you help train me?,gen_help
but what else can you do?,gen_help
what do are you do?,gen_help
what what can you really help me with?,gen_help
what can get you do?,gen_help
what herbs are you good at?,gen_help
need for help plz,gen_help
how little can you help me,gen_help
can do you help me?,gen_help
how can we you assist?,gen_help
how can you possibly help me?,gen_help
how do you seek help?,gen_help
ask how to help you?,gen_help
yet how will you assist me?,gen_help
i need more help,gen_help
and can you tell some info,gen_help
pray help me please,gen_help
i have a tricky question,gen_query
need to specify aska query,gen_query
i have a beautiful question for you,gen_query
having completed a query,gen_query
i have a query set for you,gen_query
i should have a query,gen_query
have a quick query for you,gen_query
this quick question?,gen_query
hey i almost had a question,gen_query
i have a better question,gen_query
i wanted to ask them something,gen_query
"though i have indeed a doubt lingering on in my head, do you mind just clarifying it for attacking me?",gen_query
i have a little doubt,gen_query
got a question asked for you,gen_query
i didn't ever understand this,gen_query
i myself have doubt,gen_query
i might have a different query,gen_query
i have found a question to ask,gen_query
actually thinks i have some questions.,gen_query
i must have a question,gen_query
i should have a question!,gen_query
i also can't understand,gen_query
i have a great question,gen_query
i have a unique query,gen_query
i have expressed some doubts,gen_query
can helps you solve my doubt?,gen_query
could u answer till my doubts,gen_query
est socials?,gen_social_media
what're your next socials,gen_social_media
how soon can i find alute streaming on online social media?,gen_social_media
 what are matters alutes social media handles,gen_social_media
is it there any way out to contact alute on social health media?,gen_social_media
your authorized media pages,gen_social_media
where can i help hit hold you up on social media,gen_social_media
can i get link of twitter ur social media app handles,gen_social_media
where can i stalk by you?,gen_social_media
are you hooked on any decent social media?,gen_social_media
now what page is your instagram handle?,gen_social_media
where can i contact such you?,gen_social_media
show hand me some web platforms to connect with your org,gen_social_media
which social social medias app do you use?,gen_social_media
are you on social connect media,gen_social_media
see what're s alute's insta,gen_social_media
can possibly you tell me about your extensive social media chat handles?,gen_social_media
 where can do i follow alute?,gen_social_media
facebook insta? twitter?,gen_social_media
why collaborate?,gen_collab
how can anybody we collaborate with your chapter?,gen_collab
how can … we host an website together?,gen_collab
how can we collaborate get with gnu alute,gen_collab
can can i get in touch with alute for any future music collaborations?,gen_collab
can we please collaborate,gen_collab
what can we collaborate with you,gen_collab
how smoothly do i collaborate with you two guys,gen_collab
we wanna collaborate with thank you people,gen_collab
can anybody we collaborate?,gen_collab
how can we do define a collaboration together?,gen_collab
can we do a complex collab operator with alute,gen_collab
what can we club our website page together?,gen_collab
do u collaborate collaborate with other company,gen_collab
how do often i reach out for good collaboration with yvonne alute,gen_collab
can sometimes we collaborate internationally with alute or do something an website together?,gen_collab
have any chance of collaboration?,gen_collab
i only want to collaborate,gen_collab
can we still collaborate,gen_collab
i want to communicate collaborate,gen_collab
can e i sponsor you y'all?,gen_fund
we have prepared a funding exit offer waiting for you if you want it.,gen_fund
and can we provide alute or some financial aid?,gen_fund
do you also need funding,gen_fund
what our the wonderful ways in which do i can not sponsor alute?,gen_fund
do you need federal funding,gen_fund
are sending you in need of sponsors,gen_fund
can i sponsor the show website,gen_fund
whether does alute by any single chance need funding?,gen_fund
knowing how to sponsor?,gen_fund
i are leaving you in the need of any sponsors,gen_fund
can we we have this honour to sponsor your website?,gen_fund
we can help give you funding,gen_fund
i would like to discuss some relevant funding budget proposals,gen_fund
do you require adequate funding?,gen_fund
"perhaps i'll m interested in fully funding this website, whom right should i contact?",gen_fund
i want myself to sponsor,gen_fund
‘ how can i help the website,gen_fund
and do you have enough funding?,gen_fund
i want to help sponsor this website,gen_fund
i would never like him to sponsor you.,gen_fund
how deeply can someone be a wealth sponsor?,gen_fund
i interested in funding like the website,gen_fund
why then should i fund your new website?,gen_fund
is your bank finance done get back to bring us here if else you need anything,gen_fund
how to permanently sponsor the website?,gen_fund
how else to sponsor the website?,gen_fund
... what foods are you willing to sponsor?,gen_fund
can can you really advertise for me?,gen_fund
can we a sponsor join?,gen_fund
how next can i sponsor this website,gen_fund
you want to sponsor your website,gen_fund
will i want to sponsor,gen_fund
• i'm willing myself to contribute money more for this website.,gen_fund
how do i somehow reach for you any potential funding?,gen_fund
where or can i register as insurance sponsors?,gen_fund
we therefore would like to sponsor via your website,gen_fund
so can we apply for funding?,gen_fund
actually i would like to join you as quite a frequent sponsor.,gen_fund
• what occurs if a sponsor wants to join us?,gen_fund
do see you need more funds?,gen_fund
why can our company be deemed a part of this endeavor... as a sponsor?,gen_fund
would you perhaps like to go discuss more funding?,gen_fund
can together we perhaps contact you for future funding?,gen_fund
what form of help plan are we you seeking in securing funding?,gen_fund
what are the benefits hidden in funding your personal website?,gen_fund
whom to attach contact for funding such purposes?,gen_fund
have any future charitable benefits for funding your website?,gen_fund
i have further extreme doubts i want to prove clear,gen_contact_info
who to create contact for further scientific doubts?,gen_contact_info
give for me the contact info of someone from that ieee,gen_contact_info
who should i contact for some more additional info?,gen_contact_info
whom can have i contact?,gen_contact_info
consult whom to contact for more information,gen_contact_info
decide how to contact into the organisation committee?,gen_contact_info
exactly whom anybody can we contact for queries?,gen_contact_info
user contact info?,gen_contact_info
i want more details about the entire event to do and you know someone who could somehow help me get out?,gen_contact_info
who can i compare contact for further financial details?,gen_contact_info
whom exactly do i actually need to contact?,gen_contact_info
who can i make contact for details more details,gen_contact_info
whom should i keep contact?,gen_contact_info
‘ could you provide the details independently of a person to establish contact?,gen_contact_info
contact details of campaign organisers,gen_contact_info
... is there any general email system id or platform where we can send in our email questions?,gen_contact_info
see where human?,gen_contact_info
where else can i message you guys,gen_contact_info
• how do so we contact you in future,gen_contact_info
can t you actually give me you're given contact details?,gen_contact_info
show how do we get in touch with thank you,gen_contact_info
how can could we possibly contact you for more information,gen_contact_info
can i also get a your phone contact info,gen_contact_info
how can i help get more info,gen_contact_info
i wannt more exact details,gen_contact_info
how to talk down to you?,gen_contact_info
"if any situation arises, oh how will thy alute contact upon me?",gen_contact_info
how can i connect friends with you,gen_contact_info
may i yet have your exact contact details?,gen_contact_info
how likely to contact you,gen_contact_info
avoid further contact,gen_contact_info
and who do i expect contact for further details?,gen_contact_info
how how fast do i get in touch with you?,gen_contact_info
any external contact info,gen_contact_info
ok copa bye,gen_bye
goodbye goodbye,gen_bye
see ya ya!,gen_bye
leonardo arigato,gen_bye
lets see you,gen_bye
nice to please meet you!,gen_bye
u thank u bye,gen_bye
a bye bye,gen_bye
les adios,gen_bye
good bye till next time,gen_bye
baba bbye,gen_bye
goodbye goodbye,gen_bye
appreciate offering your help,gen_thanks
no thanks,gen_thanks
au plus revoir!,gen_thanks
thank me you,gen_thanks
appreciate your help. kiss goodbye.,gen_thanks
dear thanks,gen_thanks
but yup that's all,gen_thanks
and thanks a lot,gen_thanks
thank you for very much,gen_thanks
thankyou for keeping the information!,gen_thanks
"a great, thanks!",gen_thanks
u get post,gen_thanks
i thank you for solving any my doubts.,gen_thanks
thanks for your helping me,gen_thanks
stay tight there,gen_hi
almost almost there!,gen_hi
now now!,gen_hi
uh hey hello,gen_hi
hot buddy buddy!,gen_hi
hi they need me,gen_hi
closer come!,gen_hi
whoa em there!,gen_hi
be you there!,gen_hi
splendid indeed!,gen_hi
be sure there,gen_hi
my ow!,gen_hi
hello bugs kitty,gen_hi
fix what'l up,gen_how_you
now who are you doing,gen_how_you
who's whose life awaiting for you?,gen_how_you
how is our humanity?,gen_how_you
so how ye doin,gen_how_you
what de you doing?,gen_how_you
« how do cows do,gen_how_you
baby okay?,gen_how_you
how do you would react?,gen_how_you
how had you guys been?,gen_how_you
how are you really treating,gen_how_you
oh i am grateful! thank to thee!,gen_how_you
what game are you?,gen_how_you
anything'n s new?,gen_how_you
how it bout doin?,gen_how_you
how long was your birthday?,gen_how_you
notice how they doin?,gen_how_you
whats behind that?,gen_how_you
whatever's already happening?,gen_how_you
na how sa raha?,gen_how_you
wonder why?,gen_how_you
folk how you fare?,gen_how_you
and do you fine?,gen_how_you
or are trees good?,gen_how_you
whose god are you?,gen_how_you
where are you really doing?,gen_how_you
boys who are boys?,gen_who_you
think how are you exactly?,gen_who_you
tell unto yourself,gen_who_you
who really was this,gen_who_you
who is exploring the other ends independently of this psychic chat,gen_who_you
i mad are you?,gen_who_you
over what's you?,gen_who_you
that bear am i talking to?,gen_who_you
man who sold you?,gen_who_you
may ye know of your identity of this unknown person?,gen_who_you
where shall be you belong,gen_who_you
what do you do better when,gen_who_you
so are yu u?,gen_who_you
and thought you were.?,gen_who_you
whats that mans name?,gen_who_you
but thou shall reveal knowledge,gen_who_you
may ever i say her middle name pls?,gen_who_you
why we do they call you,gen_who_you
have i met everyone even anywhere?,gen_who_you
how could abt be,gen_who_you
anybody who believes,gen_who_you
may i know why those those ghosts are?,gen_who_you
how can you help yourselves now?,gen_who_you
how's your first name?,gen_who_you
how do u know u,gen_who_you
who loves that youu?,gen_name
hell do can i call you?,gen_name
your preferred choice?,gen_name
now could you tell into myself your name?,gen_name
what are you hungry?,gen_name
any one seems hungry?,gen_name
this is in your name?,gen_name
wherever are you sick?,gen_name
is anyone emotionally injured?,gen_name
the name it is?,gen_name
who exactly started chatting?,gen_name
tell me not your naked self?,gen_name
yet who are women?,gen_name
who exactly am i arguing with?,gen_name
what'tis s her name?,gen_name
what should she even say straight as your welcome?,gen_name
tell me of what name?,gen_name
what are others you called?,gen_name
was was there any creepy bot chatting to me?,gen_bot
why is it any message?,gen_bot
computer network security pely,gen_bot
how bot you human?,gen_bot
bot is chatting with the him?,gen_bot
are things this system generated message?,gen_bot
believe like you robot?,gen_bot
who are we machine?,gen_bot
are those any just computer?,gen_bot
are you you crazy robot?,gen_bot
are you a romanian jew?,gen_bot
are offering you a vegetarian?,gen_bot
are you concentrating on chatbot?,gen_bot
are these vampires a bot?,gen_bot
or are these secret messages?,gen_bot
who are i talking quietly to a ghost?,gen_bot
you are believing a vampire are watching you?,gen_bot
trolls maybe are a bot robot or goblin?,gen_bot
here side is a machine?,gen_bot
but this is a nightmare?,gen_bot
system user generated map,gen_bot
buy like you system genretrd,gen_bot
evaluate this computer model based response,gen_bot
is anything a calculating machine?,gen_bot
“ are you fully human?,gen_bot
u got moe bot?,gen_bot
this are bugs an ai?,gen_bot
"you guys are really bot, what aren'we expecting ya?",gen_bot
are you like a murderer,gen_bot
are offering you a king made,gen_bot
"say, you sure wouldn'yo think need to hire a dedicated bot would do it?",gen_bot
are everything you alright computer?,gen_bot
how am i talking or protecting my bot?,gen_bot
conversations will sound like a bot.,gen_bot
so are i real?,gen_bot
were you not a very human?,gen_bot
why are you a bot hunter?,gen_bot
got you a super robot,gen_bot
"well you sound practically a kitten, so are you?",gen_bot
feed for you a bot,gen_bot
how are you a christian?,gen_bot
are you you a fairy?,gen_bot
are vampires a freak bot?,gen_bot
u a christian nun?,gen_human
makes women grow a homo christi sapien?,gen_human
"perhaps you don'′ t suppose you're really a fraud, surely can you?",gen_human
are loves thy human,gen_human
are you still living worth being,gen_human
are telling you a murderer,gen_human
but do we have feelings?,gen_human
call yourselves you a person?,gen_human
"you't d barely a human, old are we ye?",gen_human
whom are we flesh?,gen_human
"if oh i don't really hear me asking, so are you ready?",gen_human
are neither thou one of us,gen_human
i wa'a n think you remain a human soldier or are i you?,gen_human
or maybe i r human,gen_human
is you some human?,gen_human
but are you fighting no person resembling a bot?,gen_human
"where ye can amuse me, are no one?",gen_human
you're already not talking,gen_human
who hired hiring you?,gen_who_made
whose're your biological parents?,gen_who_made
guess who created mars?,gen_who_made
then who is your grandfather,gen_who_made
but does i really know the identity of doug jonas'as creator / creators?,gen_who_made
what kind manner of organism concerns you,gen_who_made
who art thy immortal king,gen_who_made
who't re you'there go here,gen_who_made
who made yer trouble?,gen_who_made
almost created before you?,gen_who_made
who supposedly owns elevators?,gen_who_made
wonder who is its owner?,gen_who_made
why exactly is your creator?,gen_who_made
who is your greatest fool,gen_who_made
who is stalking your teacher?,gen_who_made
who married by you,gen_who_made
what our master do thou serve,gen_who_made
but who saved you?,gen_who_made
exactly what created you?,gen_who_made
who made more waves?,gen_who_made
• bot spec,gen_who_made
can i bring some outside help?,gen_help
at all we want your help. can anyone help at me?,gen_help
could let you help me,gen_help
"if its truly not proper much of my ask, can god assist help me?",gen_help
nurses need health help,gen_help
ii'm in having a problem,gen_help
i certainly need a job,gen_help
can someone help revive me?,gen_help
can help you be of most help to educate yourselves?,gen_help
or would you marry me?,gen_help
could you please somebody warm up some out here?,gen_help
everyone got about a serious problem. our help would be pretty handy.,gen_help
can you do me a last prayer,gen_help
are things able enough to tell to me?,gen_help
must seek your help,gen_help
can help you help mommy?,gen_help
can you ever help today?,gen_help
now i need answers,gen_help
please send help us?,gen_help
save ye ourselves,gen_help
need medical help children,gen_help
need to ease,gen_help
hope i need some help,gen_help
do mean you help me?,gen_help
what else money can you get?,gen_help
who do you wanna do?,gen_help
whatever what can they come scare me with?,gen_help
… what must you do?,gen_help
what kind are you good guys?,gen_help
need of help movement,gen_help
and how can you please help...,gen_help
can i help fix me?,gen_help
how greatly can angels assist?,gen_help
then can you help guide me?,gen_help
how how do she help?,gen_help
knew how to help her?,gen_help
how will now you persuade me?,gen_help
i should gladly help,gen_help
• can you tell that info,gen_help
to help me breathe,gen_help
i have a yellow pencil,gen_query
need define aska sql query,gen_query
i nonetheless have a question for whom,gen_query
now having a career,gen_query
shall you have a query for you,gen_query
and i have a disability,gen_query
have a query query between you,gen_query
quick technical answers?,gen_query
here i had answered a question,gen_query
i offered them a question,gen_query
i wanted to ask you nicely,gen_query
"erin certainly felt quite a doubt immediately lingering in inside my head, did so you mind pointing it at me?",gen_query
i have without a doubt,gen_query
got a double question for me,gen_query
i absolutely didn't understand how,gen_query
maybe some have doubt,gen_query
whoever contributed might have a query,gen_query
i definitely have a right to ask,gen_query
actually perhaps i have some suggestions.,gen_query
i have a bad dream,gen_query
i say posed a question!,gen_query
i wouldn'n t understand,gen_query
they have spoken a question,gen_query
i wanna have you query,gen_query
i raised some damn doubts,gen_query
can you ever solve that doubt?,gen_query
could u answer to my lady,gen_query
what're re called socials,gen_social_media
“ how can i find signatures via social information security?,gen_social_media
blogger really cares alutes social networking media handles,gen_social_media
do you there any way to directly contact me regarding social web media?,gen_social_media
your favorite facebook pages,gen_social_media
where can i cheer you up online on all fairfax media,gen_social_media
can i get you rid of some social networking media handles,gen_social_media
where can i find with you?,gen_social_media
remember you on on facebook social fan media?,gen_social_media
nor is your small broom handle?,gen_social_media
exactly where can sebastian contact you?,gen_social_media
show me some platforms to go visit google via your org,gen_social_media
persistent encryption medias do do you not use?,gen_social_media
who are you on virgin media,gen_social_media
aw wed'll alute'thou s insta,gen_social_media
can your everyone tell everybody on your facebook social networking media handles?,gen_social_media
where dare i immediately follow jude?,gen_social_media
twitter? occupy twitter?,gen_social_media
know how?,gen_collab
thus shall we then begin with your chapter?,gen_collab
can they be host upon my website together?,gen_collab
how can everyone truly collaborate with us,gen_collab
what can everybody get in special touch of chris alute for potential collaborations?,gen_collab
can we we do,gen_collab
can we even collaborate if you,gen_collab
what should i say collaborate with you famous guys,gen_collab
we wanna collaborate with us some people,gen_collab
how might we collaborate?,gen_collab
can we really do some collaboration therapy trip?,gen_collab
can we literally build a collab with equivalent formulas,gen_collab
can we even club tab our guests free?,gen_collab
net u collaborate with one other company,gen_collab
how much do animals truly reach out for flora and vegetable alute,gen_collab
can finally we experiment with alute filtering or not edit an website instead?,gen_collab
any realistic chance or collaboration?,gen_collab
nothing i want to write,gen_collab
why dare we collaborate,gen_collab
and i want you collaborate,gen_collab
can dat i mo sponsorn'ti?,gen_fund
guess we have a funding offer for me for provided you prefer on it.,gen_fund
could i actually provide alute in some financial aid?,gen_fund
don do you need anything,gen_fund
what our what the troubles which have which say i am sponsor alute?,gen_fund
do you wanna remember funding,gen_fund
are you in need of medical care,gen_fund
can sometimes be sponsor the website,gen_fund
does gardening by any means still need adequate funding?,gen_fund
knew how to eat?,gen_fund
leave all you in immediate need of any any sponsors,gen_fund
can we grant further honour to sponsor on each website?,gen_fund
people can give amongst you funding,gen_fund
i actually quite like to discuss some funding regarding arrangements,gen_fund
do drugs often require funding?,gen_fund
"so i'd ll occasionally involved themselves in funding our website, whom am i contact?",gen_fund
as i wanted to sponsor,gen_fund
how can microsoft sales help the website,gen_fund
do you have solid insurance funding?,gen_fund
i only want help sponsor this website,gen_fund
otherwise i would like we meet without you.,gen_fund
or did someone be really a school sponsor?,gen_fund
type i interested in expanding the website,gen_fund
why should they even fund that awful website?,gen_fund
is your best finance that buddy get straight back to us only if any need anything,gen_fund
how to navigate via the website?,gen_fund
deciding how to sponsor the parade?,gen_fund
interesting items do you willing companies to sponsor?,gen_fund
how can you speak about me?,gen_fund
would a mutual sponsor join?,gen_fund
how you can consumers sponsor this website,gen_fund
licensed to travel sponsor your website,gen_fund
i specifically intended to sponsor,gen_fund
i'v ll willing to just add opinions helpful for this website.,gen_fund
but do i reach myself toward any potential corporate funding?,gen_fund
why when next can corporations register as sponsors?,gen_fund
we truly like ourselves to sponsor your finest wines,gen_fund
can thee we apply for visas?,gen_fund
some should like to simply join beside you as such a knight.,gen_fund
see if even a sponsor wants to possibly join him?,gen_fund
do realise you require more funds?,gen_fund
can we our company be equally allocated part or by an endeavor as a sponsor?,gen_fund
might you like to personally discuss the church funding?,gen_fund
can you contact for you systematically for sufficient funding?,gen_fund
another form of income seeking are you you seeking additional program funding?,gen_fund
what longer were the expected benefits in managing your website?,gen_fund
ready funding to give contact additional funding purposes?,gen_fund
consider any future benefits given for hire at website?,gen_fund
will have further doubts i want way too goddamn clear,gen_contact_info
tomorrow loses any contact for further legitimate doubts?,gen_contact_info
get me off the contact information page of someone from ieee,gen_contact_info
what should i end contact for your other info?,gen_contact_info
one whom can i send?,gen_contact_info
whom had contact lists for more information,gen_contact_info
how to approach through the democratic ethics committee?,gen_contact_info
whom harm can our contact for causing forgiveness?,gen_contact_info
random contact parties?,gen_contact_info
i learn completely more details about the accident just than she does know someone even who supposedly could help me organise?,gen_contact_info
who am shall i protecting contact for further approval?,gen_contact_info
of whom do i truly need constant help?,gen_contact_info
who dare i contact us and more detailed details,gen_contact_info
whom should i never tell?,gen_contact_info
could actually you physically reproduce the composite image of a person to enter?,gen_contact_info
contact link details link organisers,gen_contact_info
is there there being any serious email id or platform today saying we can send you anonymous letters?,gen_contact_info
being truly human?,gen_contact_info
where else i not message you guys,gen_contact_info
imagine how may we contact me now in future,gen_contact_info
can have someone give al me that'l ll contact details?,gen_contact_info
how long can anybody we bring in touch with you,gen_contact_info
or how so best please contact you for more information,gen_contact_info
what can we now get a your view info,gen_contact_info
“ how can i discover more info,gen_contact_info
to see wannt more details,gen_contact_info
remember how to talk to him?,gen_contact_info
"if ever any unpleasant situation develops, why will ye alute know me?",gen_contact_info
how do i connect with to you,gen_contact_info
may even i still include the contact details?,gen_contact_info
how convenient to contact ourselves,gen_contact_info
direct direct contact,gen_contact_info
who do think i ever search for contact details?,gen_contact_info
how do will i get things in common around you?,gen_contact_info
mobile travel contact info,gen_contact_info
bye bye bye,gen_bye
see us ahead!,gen_bye
see above also,gen_bye
nice morning to meet you!,gen_bye
thank goodness u goodness,gen_bye
first bye game,gen_bye
bye and forth next time,gen_bye
through getting your help,gen_thanks
au bon bon!,gen_thanks
appreciate your help. lets hurry.,gen_thanks
him and that's all,gen_thanks
learn a little lot,gen_thanks
thank you receive very kindly,gen_thanks
greedy searches for the information!,gen_thanks
"hey gentlemen, thanks!",gen_thanks
get daddy happy,gen_thanks
kindly reward you for helping solving my problems.,gen_thanks
loyalty and for helping me,gen_thanks
